{
    "utterances": [
        {
            "text": "ello",
            "entities": [
                {
                    "entity": "aws_jam:aws_jam",
                    "start": 0,
                    "end": 4,
                    "body": "ello",
                    "entities": []
                }
            ],
            "traits": [],
            "intent": "aws_jam"
        },
        {
            "text": "ey",
            "entities": [
                {
                    "entity": "aws_jam:aws_jam",
                    "start": 0,
                    "end": 2,
                    "body": "ey",
                    "entities": []
                }
            ],
            "traits": [],
            "intent": "aws_jam"
        },
        {
            "text": "hello",
            "entities": [
                {
                    "entity": "aws_jam:aws_jam",
                    "start": 0,
                    "end": 5,
                    "body": "hello",
                    "entities": []
                }
            ],
            "traits": [],
            "intent": "aws_jam"
        },
        {
            "text": "hey",
            "entities": [
                {
                    "entity": "aws_jam:aws_jam",
                    "start": 0,
                    "end": 3,
                    "body": "hey",
                    "entities": []
                }
            ],
            "traits": [],
            "intent": "aws_jam"
        },
        {
            "text": "hi",
            "entities": [
                {
                    "entity": "aws_jam:aws_jam",
                    "start": 0,
                    "end": 2,
                    "body": "hi",
                    "entities": []
                }
            ],
            "traits": [],
            "intent": "aws_jam"
        }
    ]
}
