{
    "name": "aws_jam",
    "roles": [
        "aws_jam"
    ],
    "lookups": [
        "free-text",
        "keywords"
    ],
    "keywords": [
        {
            "keyword": "ello",
            "synonyms": [
                "ello"
            ]
        },
        {
            "keyword": "ey",
            "synonyms": [
                "ey"
            ]
        },
        {
            "keyword": "hello",
            "synonyms": [
                "hello"
            ]
        },
        {
            "keyword": "hey",
            "synonyms": [
                "hey"
            ]
        },
        {
            "keyword": "hi",
            "synonyms": [
                "hi"
            ]
        }
    ]
}
